name,email,company,position,phone
John Doe,john.doe@techcorp.com,Tech Corp,Software Engineer,+1-555-123-4567
Jane Smith,jane.smith@datainc.com,Data Inc,Data Analyst,+1-555-234-5678
Bob Johnson,bob.johnson@websolutions.com,Web Solutions,Frontend Developer,+1-555-345-6789
Alice Brown,alice.brown@startupxyz.com,Startup XYZ,Product Manager,+1-555-456-7890
Charlie Davis,charlie.davis@consulting.com,Davis Consulting,Business Analyst,+1-555-567-8901
Diana Wilson,diana.wilson@marketing.com,Marketing Pro,Marketing Director,+1-555-678-9012
Eve Taylor,eve.taylor@finance.com,Finance Solutions,Financial Advisor,+1-555-789-0123
Frank Miller,frank.miller@healthcare.com,Health Systems,IT Director,+1-555-890-1234
Grace Lee,grace.lee@education.com,EduTech,Software Developer,+1-555-901-2345
Henry Clark,henry.clark@retail.com,Retail Giants,Operations Manager,+1-555-012-3456
